Delay X,Delay Y
0.6,5.309648416374504e-10
0.7,3.082869398311336e-10
0.8,2.104824079476442e-10
0.9,1.635564502819113e-10
1,1.382383220865495e-10
1.2,1.137262047790532e-10
