vRead X,vRead Y
2,0.3657571006301723
3,0.3533652182336323
4,0.3447515373062326
5,0.3381315400341018
6,0.33274862781967
7,0.3282099510527761
8,0.324284768632383
