delay X,delay Y
0.6,5.360952280998808e-10
0.7,3.844681523055048e-10
0.8,3.263613701495801e-10
0.9,2.898195848648133e-10
1,2.613312075876561e-10
