Power X,Power Y
0.5,9.640551789132533e-05
0.6,0.0002542226343709383
0.7,0.0004622375997792639
0.8,0.0006866384715515831
0.9,0.0009214851072791996
1,0.001170270121323404
