Read delay X,Read delay Y
0.7,5.594839111789301e-10
0.8,5.447104713685799e-10
0.9,5.355827072680141e-10
1,5.301669386356186e-10
