Power X,Power Y
0.5,6.097111698735869e-05
0.6,0.0001968949230869673
0.7,0.0003907874738132921
0.8,0.0006861763940424061
0.9,0.0006595373835433995
1,0.001495460076596772
