Power X,Power Y
0.7,8.074152894343555e-05
0.8,0.0001125179587551772
0.9,0.0001463330232194392
1,0.0001893663732783395
